lambdap,lambdad,lambdaf,1-ARP,AGD,1-ILS,IPE,HR,NDCG
0,0,0,0.2065073,0.18233804,0.5442893,0.6892243,0.77072847,0.16510925
0,0,10,0.20620672,0.18370445,0.54738766,0.68797785,0.766159,0.16402765
0,0,100,0.20650585,0.186083,0.5452545,0.6881291,0.7675828,0.16412154
0,0,1000,0.20601293,0.18830971,0.5453199,0.69075614,0.76768214,0.16412133
0,0,10000,0.20237437,0.188917,0.5180793,0.7142858,0.76185435,0.15888336
0,0,100000,0.17356451,0.20111337,0.3863967,0.7890311,0.71178806,0.11876035
0,0,1000000,0.081466004,0.2638158,0.24742393,0.7668485,0.42586094,0.040483914
0,0,10000000,0.02150151,0.3382085,0.22554033,0.72691166,0.13569537,0.009029662
0,0.0001,0,0.18909553,0.28577936,0.5280769,0.74552053,0.8831457,0.24625266
0,0.0001,10,0.18935359,0.28709513,0.5267227,0.74450386,0.8832451,0.24628308
0,0.0001,100,0.18632507,0.28922063,0.52415884,0.74389374,0.8839736,0.24914446
0,0.0001,1000,0.18935357,0.28724697,0.52142555,0.7476012,0.88059604,0.24305527
0,0.0001,10000,0.18266676,0.29043525,0.49153942,0.76972115,0.8781457,0.23755288
0,0.0001,100000,0.14593844,0.29974693,0.36970082,0.807296,0.8328476,0.16551197
0,0.0001,1000000,0.0768983,0.3311235,0.26839715,0.7426839,0.5758609,0.05682686
0,0.0001,10000000,0.0318316,0.30232793,0.28436452,0.6592548,0.20394039,0.014107086
0,0.001,0,0.18290806,0.1930162,0.3998495,0.809559,0.87526494,0.24542117
0,0.001,10,0.18124017,0.19331983,0.3979745,0.8068085,0.8817881,0.24749808
0,0.001,100,0.18233678,0.18977731,0.40064007,0.806842,0.87523186,0.24486437
0,0.001,1000,0.18064436,0.18932186,0.39929438,0.8114726,0.87599343,0.24261943
0,0.001,10000,0.17230284,0.19387652,0.37438163,0.8311863,0.86731786,0.22865191
0,0.001,100000,0.13359305,0.20318826,0.30073687,0.843159,0.8163907,0.16296108
0,0.001,1000000,0.09120731,0.2529858,0.255796,0.79651916,0.6859603,0.0878937
0,0.001,10000000,0.043028004,0.29418018,0.2912228,0.6424781,0.35294703,0.02723912
0,0.01,0,0.18020384,0.11002024,0.24521318,0.85192204,0.85198677,0.2110847
0,0.01,10,0.17896977,0.10946356,0.24332014,0.8519381,0.85162246,0.20833042
0,0.01,100,0.17934474,0.10875507,0.24714068,0.84863377,0.8570199,0.21026611
0,0.01,1000,0.17661524,0.108552635,0.2419097,0.8530639,0.85476816,0.2084142
0,0.01,10000,0.16425411,0.10784414,0.22214942,0.86389333,0.83771527,0.18960015
0,0.01,100000,0.12862054,0.11411943,0.20064712,0.87184966,0.77460265,0.12604839
0,0.01,1000000,0.09760465,0.14979759,0.2071274,0.86597747,0.69241726,0.09071124
0,0.01,10000000,0.07321501,0.23031378,0.24228553,0.7756879,0.60006624,0.06306169
0,0.1,0,0.16089877,0.0492915,0.12292156,0.8824733,0.7101987,0.12410383
0,0.1,10,0.16035186,0.047823887,0.12355254,0.8796976,0.71072847,0.12473073
0,0.1,100,0.1619229,0.04888664,0.123962626,0.87552035,0.7174503,0.12658396
0,0.1,1000,0.15900724,0.048279352,0.12063714,0.8811923,0.7052649,0.12309593
0,0.1,10000,0.15702704,0.052884616,0.12560236,0.8819356,0.71738416,0.11916138
0,0.1,100000,0.13569205,0.061740886,0.113932654,0.90703315,0.66923845,0.08813588
0,0.1,1000000,0.105194665,0.093522266,0.13585585,0.9050182,0.607947,0.070697725
0,0.1,10000000,0.090920575,0.14063764,0.19342574,0.8719001,0.65132457,0.079325385
0,1,0,0.12891704,0.027176116,0.14991084,0.8840448,0.509106,0.059276767
0,1,10,0.12798564,0.0270749,0.1591067,0.8764385,0.50774837,0.05963061
0,1,100,0.13081212,0.027125504,0.15883252,0.87764895,0.514702,0.060510762
0,1,1000,0.12916145,0.027226722,0.15489128,0.8840314,0.51470196,0.060188107
0,1,10000,0.13320556,0.027682185,0.13594243,0.92100525,0.52821195,0.0633735
0,1,100000,0.13143161,0.034008097,0.07531808,0.95499706,0.53688747,0.06680639
0,1,1000000,0.114335336,0.0472166,0.08531908,0.9348772,0.5227815,0.054715924
0,1,10000000,0.09904419,0.09023279,0.12700619,0.90839404,0.5784106,0.064813815
0,10,0,0.11486025,0.017864373,0.11250882,0.96547776,0.46718544,0.05448709
0,10,10,0.111842655,0.01811741,0.11734905,0.9622189,0.4578808,0.053597875
0,10,100,0.11240075,0.019331982,0.11392124,0.9616335,0.46115893,0.05353552
0,10,1000,0.11360457,0.018168015,0.11065982,0.9633749,0.46536428,0.05408732
0,10,10000,0.11087576,0.01993927,0.115431346,0.9602791,0.46516556,0.05443397
0,10,100000,0.1132614,0.026771257,0.087123536,0.95227736,0.47976822,0.05939293
0,10,1000000,0.110900745,0.029251013,0.06650516,0.96627074,0.47009936,0.05127872
0,10,10000000,0.11073222,0.045698382,0.082620725,0.9374795,0.50026494,0.05112953
0,100,0,0.11186971,0.016953442,0.12079376,0.9619358,0.4594702,0.056822706
0,100,10,0.11029885,0.017004048,0.12074475,0.96385705,0.45447016,0.05423075
0,100,100,0.11177351,0.016194332,0.120918095,0.96133405,0.45552984,0.05624581
0,100,1000,0.11083255,0.016548583,0.12063631,0.96162146,0.4539404,0.054626323
0,100,10000,0.106677756,0.017408906,0.110845245,0.96911466,0.4480795,0.052908055
0,100,100000,0.11183806,0.016953442,0.09661577,0.9491886,0.4699338,0.05901013
0,100,1000000,0.10795677,0.024746964,0.08449126,0.9549743,0.45430464,0.05593462
0,100,10000000,0.10846373,0.028188262,0.0672593,0.9646977,0.4597351,0.0498145
0.1,0,0,0.20635405,0.18446355,0.54858786,0.6877144,0.77172196,0.1663849
0.1,0,10,0.20624538,0.18395749,0.5457201,0.6894516,0.7728146,0.16517885
0.1,0,100,0.206237,0.18527327,0.54688895,0.688815,0.7713245,0.16573063
0.1,0,1000,0.20544119,0.18572874,0.54255354,0.69234943,0.7695695,0.16496399
0.1,0,10000,0.20204937,0.1915992,0.5213363,0.71446115,0.7669537,0.1606716
0.1,0,100000,0.17402971,0.20182185,0.39157796,0.7884372,0.71473515,0.1203048
0.1,0,1000000,0.080624044,0.25885627,0.24555507,0.7664151,0.4225828,0.0400338
0.1,0,10000000,0.02068482,0.32672065,0.25444284,0.699063,0.12519868,0.008315692
0.1,0.0001,0,0.18816559,0.2859818,0.5322242,0.74500674,0.88513243,0.24937668
0.1,0.0001,10,0.19013901,0.28608298,0.5254751,0.74444896,0.8796357,0.24597907
0.1,0.0001,100,0.1901462,0.2867409,0.5156631,0.7459129,0.8843709,0.24605282
0.1,0.0001,1000,0.18893415,0.28922063,0.520934,0.74688137,0.87913907,0.2472908
0.1,0.0001,10000,0.18228361,0.29245952,0.4833371,0.7697393,0.88185436,0.23881817
0.1,0.0001,100000,0.1471528,0.3019231,0.37086537,0.80556595,0.83115894,0.16824023
0.1,0.0001,1000000,0.07714627,0.32813767,0.25972313,0.74203366,0.57152313,0.056566358
0.1,0.0001,10000000,0.03293293,0.3081984,0.28649336,0.6552838,0.21907285,0.015197502
0.1,0.001,0,0.18132138,0.19240889,0.40250415,0.80808353,0.8749669,0.2438165
0.1,0.001,10,0.18321429,0.19129553,0.39976227,0.8071963,0.8776821,0.2449537
0.1,0.001,100,0.18461747,0.1896255,0.39895612,0.8067563,0.86940396,0.24065256
0.1,0.001,1000,0.1801,0.19230768,0.3948123,0.81167537,0.8761258,0.24311332
0.1,0.001,10000,0.17114267,0.19367409,0.36600032,0.8305734,0.86897355,0.22794978
0.1,0.001,100000,0.13420188,0.2021255,0.29830876,0.8480948,0.8225497,0.16288662
0.1,0.001,1000000,0.09046911,0.25030366,0.25544977,0.7973763,0.6971854,0.08754055
0.1,0.001,10000000,0.045209654,0.2951417,0.29550523,0.64902174,0.36599338,0.029369468
0.1,0.01,0,0.17899123,0.10824899,0.24637313,0.8507657,0.85592717,0.21150084
0.1,0.01,10,0.17965826,0.10566801,0.23961632,0.8525564,0.84635764,0.20812114
0.1,0.01,100,0.1778209,0.1090587,0.24119067,0.85310334,0.8505961,0.2088536
0.1,0.01,1000,0.17767343,0.10946356,0.24569611,0.8542906,0.8576821,0.21103218
0.1,0.01,10000,0.16523054,0.109008096,0.22466516,0.8625547,0.84470206,0.19003436
0.1,0.01,100000,0.12936783,0.116295554,0.20128818,0.8713058,0.76344377,0.12333584
0.1,0.01,1000000,0.09985572,0.15080972,0.21115372,0.8668439,0.69519866,0.09136583
0.1,0.01,10000000,0.07499344,0.23441295,0.24300905,0.78000176,0.6159934,0.06668887
0.1,0.1,0,0.16057582,0.04853239,0.122339785,0.88024724,0.71423846,0.12499771
0.1,0.1,10,0.15773748,0.048987858,0.12131445,0.8805725,0.70798016,0.122544646
0.1,0.1,100,0.15945363,0.049038462,0.12416279,0.87769496,0.71725166,0.12629052
0.1,0.1,1000,0.16269769,0.048785426,0.12233068,0.8758982,0.70857614,0.1223409
0.1,0.1,10000,0.15712091,0.051670037,0.12555584,0.8816101,0.7143046,0.11797376
0.1,0.1,100000,0.13575332,0.0638664,0.11292273,0.90178186,0.6692715,0.08621644
0.1,0.1,1000000,0.10378275,0.09326924,0.13563913,0.9030386,0.61119205,0.07156713
0.1,0.1,10000000,0.08816913,0.1409919,0.18509561,0.86380243,0.6375497,0.07445489
0.1,1,0,0.12847523,0.027277326,0.15719062,0.894479,0.51301324,0.060822546
0.1,1,10,0.13289113,0.02758097,0.15918516,0.8689253,0.51483446,0.061180174
0.1,1,100,0.12572579,0.027682185,0.16440056,0.8805603,0.50963575,0.060238738
0.1,1,1000,0.12765618,0.027479757,0.15385106,0.8725109,0.50536424,0.05921833
0.1,1,10000,0.13015139,0.027530367,0.1307888,0.9283344,0.51860934,0.061520863
0.1,1,100000,0.13061874,0.03355263,0.07925831,0.95369834,0.53877485,0.06635981
0.1,1,1000000,0.11261668,0.048633605,0.084035136,0.9364293,0.5191722,0.05448351
0.1,1,10000000,0.09890801,0.08952429,0.12594575,0.90678537,0.5850662,0.06492857
0.1,10,0,0.1115998,0.01811741,0.11669044,0.9617408,0.454702,0.053936094
0.1,10,10,0.114065245,0.018066803,0.11973746,0.9607525,0.4594702,0.054953597
0.1,10,100,0.112284675,0.017459514,0.11503532,0.96332407,0.45917216,0.053297378
0.1,10,1000,0.11345746,0.018168015,0.11056644,0.96599406,0.46473512,0.053125642
0.1,10,10000,0.115024865,0.02130567,0.11799508,0.9620916,0.47784767,0.057703815
0.1,10,100000,0.112820104,0.025860325,0.08578844,0.95480716,0.48092714,0.058573406
0.1,10,1000000,0.11182217,0.029807692,0.06771046,0.96761656,0.4740066,0.05216918
0.1,10,10000000,0.10819016,0.046356276,0.081411466,0.9381202,0.50536424,0.052190144
0.1,100,0,0.10892899,0.016953442,0.12760882,0.95923537,0.45125827,0.054134697
0.1,100,10,0.11254414,0.016548583,0.120861314,0.9606854,0.4574172,0.05674712
0.1,100,100,0.116054,0.01604251,0.12647323,0.95446473,0.46506625,0.059154112
0.1,100,1000,0.10978745,0.01659919,0.12250038,0.9610826,0.45096025,0.056500472
0.1,100,10000,0.108358726,0.017560728,0.10973333,0.9703665,0.45284766,0.054091096
0.1,100,100000,0.112620555,0.017408907,0.09925948,0.94717073,0.47139072,0.059907027
0.1,100,1000000,0.10757136,0.02555668,0.08351891,0.95596045,0.4517881,0.05483541
0.1,100,10000000,0.107661866,0.028947368,0.06753165,0.96776915,0.45976824,0.048956245
1,0,0,0.20432465,0.19200405,0.5609793,0.6874016,0.79185426,0.17603144
1,0,10,0.20407417,0.1930668,0.5548964,0.6897475,0.7940397,0.17635486
1,0,100,0.20482096,0.18992914,0.5561727,0.6892198,0.7945364,0.17603895
1,0,1000,0.20415077,0.19200405,0.55667555,0.69006073,0.79493374,0.17540625
1,0,10000,0.20113559,0.1943826,0.52787054,0.7138876,0.7881788,0.17080055
1,0,100000,0.17288971,0.20779352,0.39735842,0.7875189,0.7328808,0.12686405
1,0,1000000,0.08406584,0.26882592,0.24879248,0.77297807,0.4439404,0.043590717
1,0,10000000,0.021247124,0.33557695,0.22048418,0.730209,0.12516557,0.008395297
1,0.0001,0,0.18738408,0.28851217,0.5252287,0.7441832,0.8804636,0.24570243
1,0.0001,10,0.18733618,0.28977734,0.528232,0.7451295,0.8836424,0.2486256
1,0.0001,100,0.18688942,0.28866395,0.53649527,0.74630994,0.88579476,0.24827047
1,0.0001,1000,0.18656796,0.29078946,0.5316196,0.7484255,0.88102645,0.24527664
1,0.0001,10000,0.17815056,0.2943826,0.492061,0.7704725,0.882053,0.24069615
1,0.0001,100000,0.14208823,0.3042004,0.36920977,0.807961,0.83774835,0.16987032
1,0.0001,1000000,0.07848805,0.3254555,0.26843473,0.74202746,0.59009933,0.059577562
1,0.0001,10000000,0.032766722,0.3054656,0.29124898,0.6503207,0.21384105,0.014682365
1,0.001,0,0.18187986,0.18871458,0.40268412,0.80823565,0.873808,0.24372788
1,0.001,10,0.18310049,0.19205466,0.40540797,0.8096798,0.8725497,0.24276109
1,0.001,100,0.17977911,0.19078949,0.39807683,0.80942744,0.87645704,0.2460084
1,0.001,1000,0.18138531,0.19185224,0.40189666,0.813378,0.87493384,0.24273315
1,0.001,10000,0.17153929,0.19757085,0.36620396,0.8273603,0.86632454,0.22863305
1,0.001,100000,0.13426712,0.20364372,0.29301602,0.8446603,0.8123841,0.15909626
1,0.001,1000000,0.08964745,0.2506073,0.25558338,0.7964896,0.6934438,0.08825902
1,0.001,10000000,0.04325554,0.29544535,0.28678888,0.6546308,0.36728477,0.028482312
1,0.01,0,0.17830999,0.1076923,0.24386284,0.852475,0.8560265,0.21228263
1,0.01,10,0.17973755,0.10809717,0.24630077,0.85022545,0.85211927,0.20971934
1,0.01,100,0.17795813,0.10865384,0.2437963,0.8522226,0.8519537,0.20992665
1,0.01,1000,0.178685,0.107793525,0.24212642,0.8530815,0.8474504,0.205425
1,0.01,10000,0.16499309,0.11007085,0.224291,0.8636826,0.8426159,0.19275372
1,0.01,100000,0.12934928,0.11578947,0.2088865,0.87213266,0.7774172,0.12736407
1,0.01,1000000,0.09709218,0.15182187,0.20265917,0.86575234,0.68768215,0.091281846
1,0.01,10000000,0.07346825,0.22722673,0.24362063,0.7733944,0.6165894,0.06572094
1,0.1,0,0.16280954,0.048633605,0.121512964,0.8797366,0.7190398,0.12811352
1,0.1,10,0.16262855,0.0486336,0.123595916,0.88129556,0.71619207,0.12732556
1,0.1,100,0.15899916,0.05,0.121721245,0.88385427,0.70450336,0.12323161
1,0.1,1000,0.15843396,0.04832996,0.1227118,0.8768188,0.7043378,0.12029572
1,0.1,10000,0.1559191,0.05161943,0.12239889,0.88130265,0.71258277,0.11735817
1,0.1,100000,0.13712585,0.06290486,0.11523416,0.9084647,0.6771192,0.09058269
1,0.1,1000000,0.10297515,0.092105255,0.13346115,0.90716726,0.6050993,0.07027461
1,0.1,10000000,0.089450754,0.13997975,0.19395074,0.86608666,0.6501325,0.07974154
1,1,0,0.12869692,0.027074898,0.16537341,0.8833188,0.5071523,0.058858536
1,1,10,0.12951547,0.027125508,0.14079808,0.890055,0.51155627,0.060411204
1,1,100,0.13209948,0.027277326,0.15213683,0.86679256,0.5145033,0.059775114
1,1,1000,0.12900499,0.027682189,0.1536817,0.8852185,0.51059604,0.060938857
1,1,10000,0.13501783,0.02798583,0.14093268,0.9113609,0.53423846,0.06487048
1,1,100000,0.12987341,0.033147775,0.07880467,0.95453644,0.5371192,0.06564795
1,1,1000000,0.11276817,0.049139675,0.083831325,0.93578637,0.5172517,0.053369872
1,1,10000000,0.098407105,0.09149797,0.12753648,0.90284586,0.57526493,0.06404296
1,10,0,0.110485986,0.018319838,0.11758101,0.9607588,0.4557616,0.053144883
1,10,10,0.115907274,0.01811741,0.11158117,0.9637453,0.47188744,0.056990433
1,10,100,0.11398597,0.017763156,0.11774409,0.9608011,0.4636755,0.054267894
1,10,1000,0.11217217,0.017813766,0.115534164,0.9602512,0.4570199,0.052405935
1,10,10000,0.111469045,0.021002024,0.11535038,0.963247,0.46529803,0.05415068
1,10,100000,0.11060379,0.026062753,0.08523596,0.9584702,0.4739735,0.05758859
1,10,1000000,0.110077426,0.02930162,0.06873811,0.96451485,0.467947,0.05140853
1,10,10000000,0.10970873,0.046356276,0.08076626,0.9444402,0.49927154,0.051046424
1,100,0,0.11350944,0.016649798,0.1271984,0.9545767,0.46493378,0.05688871
1,100,10,0.11212603,0.016953442,0.12094326,0.96469915,0.45877486,0.055421405
1,100,100,0.112092175,0.016447369,0.117283,0.9630287,0.45910597,0.056642026
1,100,1000,0.10962167,0.01659919,0.12079756,0.9656194,0.45115894,0.05608187
1,100,10000,0.104193844,0.017155869,0.108863786,0.97134733,0.44,0.052104045
1,100,100000,0.11068674,0.016953442,0.09679673,0.9497244,0.46821195,0.05917862
1,100,1000000,0.10895385,0.024493927,0.08637371,0.9525038,0.45304638,0.0553356
1,100,10000000,0.108214155,0.028846154,0.066555165,0.96712744,0.4607947,0.049172886
10,0,0,0.17475006,0.2520749,0.653159,0.68837404,0.89857614,0.24908042
10,0,10,0.17514773,0.25182185,0.6514176,0.68839324,0.8972185,0.24692962
10,0,100,0.1748501,0.2534919,0.6526469,0.6890346,0.89801323,0.24713588
10,0,1000,0.17509758,0.2530364,0.6477819,0.6927618,0.8977815,0.24690369
10,0,10000,0.17114373,0.25814778,0.61008066,0.7197224,0.89394045,0.2394381
10,0,100000,0.15009858,0.2605263,0.45437917,0.78881866,0.84735096,0.17840204
10,0,1000000,0.08688645,0.29635626,0.2650251,0.78025466,0.533841,0.057420045
10,0,10000000,0.022162678,0.3383097,0.23434345,0.71667355,0.13844371,0.009152694
10,0.0001,0,0.17262763,0.2929656,0.57582223,0.7435163,0.8949007,0.26283434
10,0.0001,10,0.17419748,0.29347163,0.58318454,0.7422967,0.8848344,0.25770625
10,0.0001,100,0.17323044,0.29326922,0.577458,0.74250275,0.89407283,0.2611815
10,0.0001,1000,0.17293508,0.2973684,0.56784075,0.7469524,0.89390725,0.26097703
10,0.0001,10000,0.1666269,0.29564777,0.53323716,0.77148724,0.8890729,0.24965525
10,0.0001,100000,0.13297747,0.30875507,0.3920583,0.81029814,0.83956957,0.17436913
10,0.0001,1000000,0.07401866,0.3299595,0.27831635,0.7364112,0.6061589,0.06279469
10,0.0001,10000000,0.0340591,0.3126518,0.26647165,0.6766243,0.22798014,0.015583989
10,0.001,0,0.17689243,0.19731781,0.42269653,0.8045189,0.884404,0.25186482
10,0.001,10,0.17720643,0.19423077,0.42278013,0.8039492,0.8819536,0.2503762
10,0.001,100,0.17464702,0.19539472,0.42312783,0.8073963,0.8874172,0.25222948
10,0.001,1000,0.17417711,0.19412956,0.41826606,0.81172514,0.8791059,0.2468141
10,0.001,10000,0.16480115,0.19969635,0.3856033,0.8295906,0.87324506,0.23249824
10,0.001,100000,0.12758654,0.2034919,0.307771,0.83839524,0.8059934,0.15816984
10,0.001,1000000,0.08964396,0.25,0.26593834,0.7954879,0.6979139,0.0887762
10,0.001,10000000,0.042827062,0.29655868,0.29240808,0.649505,0.36536422,0.028107654
10,0.01,0,0.17699698,0.110374495,0.24934728,0.85181534,0.85182124,0.21042123
10,0.01,10,0.17688504,0.110981785,0.2515579,0.8532985,0.8497351,0.21107838
10,0.01,100,0.17787454,0.11280365,0.2529847,0.84897554,0.85804635,0.21433088
10,0.01,1000,0.17573819,0.109109305,0.24779928,0.8527365,0.85377485,0.20884879
10,0.01,10000,0.16218036,0.10926113,0.22531533,0.86364996,0.840596,0.18847685
10,0.01,100000,0.12659973,0.118572876,0.20790406,0.8713995,0.7701987,0.12680545
10,0.01,1000000,0.09506266,0.15161943,0.21044214,0.86095536,0.6828146,0.09149582
10,0.01,10000000,0.07475463,0.23410931,0.24326964,0.78085566,0.615894,0.06659405
10,0.1,0,0.15767398,0.048633605,0.12132571,0.8785613,0.71218544,0.124128915
10,0.1,10,0.16099313,0.04979757,0.12537472,0.87557185,0.71486753,0.12691386
10,0.1,100,0.16046321,0.048987854,0.122169256,0.8780421,0.7225828,0.12989537
10,0.1,1000,0.15863574,0.04913968,0.123656176,0.8761379,0.7106954,0.122786105
10,0.1,10000,0.15322728,0.05288462,0.123143435,0.8807992,0.7102318,0.116670944
10,0.1,100000,0.13589743,0.06300607,0.11534939,0.90467376,0.6740067,0.08915414
10,0.1,1000000,0.10340915,0.092459515,0.1355863,0.9017356,0.6022848,0.06912968
10,0.1,10000000,0.0914315,0.14185223,0.19721381,0.86993045,0.6533113,0.08018265
10,1,0,0.13086453,0.027682185,0.1547807,0.8659528,0.5172186,0.062024515
10,1,10,0.12960014,0.027176116,0.14019576,0.87883586,0.50970197,0.060665388
10,1,100,0.12836286,0.02737854,0.14901578,0.8755091,0.50970197,0.06024184
10,1,1000,0.12796721,0.027429149,0.16167556,0.8909885,0.50754964,0.05933405
10,1,10000,0.13595697,0.02798583,0.12655188,0.9274376,0.53675497,0.065180965
10,1,100000,0.13131312,0.03319838,0.076707155,0.9529956,0.52913916,0.065201856
10,1,1000000,0.112513006,0.04838057,0.085125044,0.93366545,0.5161921,0.053872317
10,1,10000000,0.10018824,0.090030365,0.12808102,0.9094906,0.584106,0.06479365
10,10,0,0.11490017,0.017965587,0.10964508,0.9639505,0.46433774,0.054925404
10,10,10,0.11339937,0.01771255,0.10834955,0.9671108,0.46380797,0.053951602
10,10,100,0.115840614,0.01826923,0.113325045,0.9610125,0.4694702,0.055512674
10,10,1000,0.11386482,0.018421052,0.10875368,0.96431684,0.4642384,0.05386622
10,10,10000,0.109132156,0.01978745,0.11607256,0.9627551,0.4596358,0.052507717
10,10,100000,0.11034045,0.026012147,0.08767785,0.95532304,0.47417217,0.057386063
10,10,1000000,0.11026529,0.029959515,0.068845734,0.9653764,0.4691391,0.05191211
10,10,10000000,0.10989539,0.04665992,0.08291097,0.941209,0.50602645,0.05303518
10,100,0,0.10905091,0.016548583,0.12020154,0.9611505,0.44940394,0.05596151
10,100,10,0.11401095,0.016497975,0.12614939,0.95881146,0.45811257,0.057281572
10,100,100,0.115665436,0.016244939,0.11941461,0.9591688,0.4644702,0.059228666
10,100,1000,0.11548992,0.016497975,0.1171989,0.9624713,0.46380797,0.05757583
10,100,10000,0.10519526,0.017611336,0.11074591,0.96675795,0.44327816,0.051742665
10,100,100000,0.1111259,0.017054655,0.09843663,0.94964296,0.4712914,0.059088837
10,100,1000000,0.10711914,0.02332996,0.081139274,0.9594337,0.45006624,0.053557318
10,100,10000000,0.10799919,0.028188258,0.0674636,0.9686127,0.4627815,0.049424328
100,0,0,0.12354263,0.3523279,0.7645062,0.7062143,0.8952981,0.26467824
100,0,10,0.12474358,0.35581985,0.76406354,0.7102559,0.9004636,0.26505238
100,0,100,0.12456045,0.35263157,0.75995314,0.7094978,0.8978146,0.2647162
100,0,1000,0.124475285,0.3521255,0.7451632,0.7170987,0.9024504,0.26540226
100,0,10000,0.11854645,0.35389677,0.6842978,0.75942326,0.89049673,0.24774925
100,0,100000,0.09316163,0.3506073,0.5150295,0.80012286,0.820298,0.16954862
100,0,1000000,0.073950835,0.37788463,0.34469682,0.7746446,0.69211924,0.09138896
100,0,10000000,0.031432644,0.38309717,0.24268503,0.73281235,0.2365894,0.017492047
100,0.0001,0,0.13473728,0.3166498,0.6688652,0.7460601,0.88529795,0.2621797
100,0.0001,10,0.13398024,0.31503037,0.6773637,0.74358207,0.8901987,0.26580706
100,0.0001,100,0.13299839,0.3208502,0.6759428,0.74174434,0.886755,0.26284826
100,0.0001,1000,0.13229354,0.31988865,0.66903555,0.7501468,0.8856292,0.26107413
100,0.0001,10000,0.12430438,0.32186234,0.6050815,0.78893745,0.877351,0.2407283
100,0.0001,100000,0.09567054,0.3191802,0.48184174,0.80959445,0.8031457,0.16286501
100,0.0001,1000000,0.06684543,0.35045546,0.33949766,0.7353553,0.66817874,0.07988767
100,0.0001,10000000,0.034275945,0.34544533,0.3009706,0.6560255,0.27854306,0.019575816
100,0.001,0,0.14975312,0.21255061,0.5099491,0.8004711,0.88350993,0.2544027
100,0.001,10,0.1506735,0.21143726,0.50034374,0.8041729,0.87851,0.251306
100,0.001,100,0.14959547,0.21143726,0.50604725,0.80279064,0.87688744,0.25199375
100,0.001,1000,0.14798847,0.2102733,0.49863052,0.8064205,0.87791395,0.24955669
100,0.001,10000,0.13507536,0.21158907,0.46112505,0.8342956,0.8633113,0.22229898
100,0.001,100000,0.09705019,0.20966598,0.36666024,0.82281274,0.77354306,0.13496777
100,0.001,1000000,0.07543647,0.2546559,0.29986832,0.7840446,0.6908609,0.08889124
100,0.001,10000000,0.044188246,0.30475706,0.30103073,0.6547341,0.3986093,0.0323944
100,0.01,0,0.16522382,0.12373482,0.29688194,0.84876,0.86453646,0.22173142
100,0.01,10,0.16470067,0.12302633,0.2951268,0.84814537,0.864967,0.22386114
100,0.01,100,0.16610286,0.12302631,0.29523078,0.8504794,0.8618212,0.22172141
100,0.01,1000,0.16326503,0.12403846,0.29174846,0.8504316,0.8620199,0.21811493
100,0.01,10000,0.14861801,0.12095143,0.26522595,0.86256856,0.8505961,0.1945321
100,0.01,100000,0.11076728,0.12302633,0.2400082,0.86494684,0.75427157,0.11632502
100,0.01,1000000,0.0850514,0.15232794,0.23084065,0.8551971,0.6793709,0.087215
100,0.01,10000000,0.07111945,0.23183198,0.25164148,0.7734972,0.60168874,0.063470684
100,0.1,0,0.15845284,0.05369433,0.13356578,0.8719778,0.7400993,0.13617797
100,0.1,10,0.15726349,0.05242915,0.13336313,0.87324697,0.732649,0.13369848
100,0.1,100,0.15779701,0.054149795,0.13202158,0.8784043,0.73837745,0.13503832
100,0.1,1000,0.1613265,0.055060733,0.13354212,0.87782896,0.7442385,0.1376514
100,0.1,10000,0.15564972,0.057236843,0.13541612,0.8839815,0.7483112,0.12979937
100,0.1,100000,0.13070849,0.066042505,0.12191347,0.9068224,0.6689735,0.08719322
100,0.1,1000000,0.09982577,0.09316801,0.13886479,0.9046508,0.5977484,0.067900196
100,0.1,10000000,0.090179995,0.14215586,0.19671682,0.87199783,0.6470861,0.079549596
100,1,0,0.13160293,0.0277834,0.1433787,0.87975055,0.5116888,0.06132118
100,1,10,0.13320428,0.028087044,0.14566545,0.88308877,0.523841,0.0633031
100,1,100,0.13546036,0.028795546,0.14690007,0.86964273,0.52172184,0.06420454
100,1,1000,0.1336368,0.028340083,0.15357523,0.86982954,0.5257947,0.06409088
100,1,10000,0.1362001,0.028694332,0.13739476,0.9161726,0.5284106,0.06390011
100,1,100000,0.13619891,0.035222672,0.078069076,0.9466964,0.5552649,0.06970322
100,1,1000000,0.110604726,0.05,0.08424043,0.9387838,0.5195033,0.05553002
100,1,10000000,0.09808453,0.08937247,0.12533581,0.9077282,0.58112586,0.06386301
100,10,0,0.11419632,0.018572874,0.11098399,0.96370333,0.46559605,0.054906137
100,10,10,0.11787577,0.018066801,0.114787474,0.95519465,0.47099343,0.05625757
100,10,100,0.11105858,0.018572873,0.11185022,0.9638001,0.4554305,0.053718913
100,10,1000,0.11580753,0.018572873,0.109725714,0.9678871,0.46728477,0.055560213
100,10,10000,0.11244218,0.021204453,0.117402375,0.9579541,0.47172183,0.054232318
100,10,100000,0.11194436,0.025657896,0.088777184,0.9553833,0.47771525,0.057800792
100,10,1000000,0.10980488,0.028846154,0.06653198,0.969725,0.46953645,0.049821086
100,10,10000000,0.10776584,0.047520243,0.08227156,0.9378358,0.5053643,0.052648015
100,100,0,0.114622176,0.016194332,0.12254492,0.95862883,0.4628808,0.058198027
100,100,10,0.11465333,0.016346153,0.11602787,0.9653133,0.46566224,0.058213092
100,100,100,0.11509983,0.01604251,0.12932935,0.9543282,0.4621192,0.05781417
100,100,1000,0.10959055,0.01680162,0.12037985,0.9593875,0.45453644,0.05589488
100,100,10000,0.1051805,0.017408906,0.105777524,0.97124803,0.44410595,0.053144522
100,100,100000,0.11119312,0.017408906,0.10127107,0.9491657,0.46533114,0.059275042
100,100,1000000,0.109302305,0.024493927,0.08841692,0.9504725,0.45615894,0.055859398
100,100,10000000,0.108244434,0.027479758,0.0682747,0.96361816,0.4651987,0.049754433
1000,0,0,0.07313682,0.461083,0.8101063,0.7321056,0.7855298,0.1650288
1000,0,10,0.07325886,0.461083,0.8035985,0.7422675,0.7867218,0.16618642
1000,0,100,0.071483694,0.4635628,0.8000822,0.72711724,0.7839735,0.16445939
1000,0,1000,0.07434398,0.4576417,0.8048134,0.7506097,0.78122514,0.16352029
1000,0,10000,0.0642758,0.43122467,0.7436245,0.8028229,0.72188747,0.13346158
1000,0,100000,0.04664328,0.34003037,0.6163424,0.8123128,0.56509936,0.07992185
1000,0,1000000,0.0401747,0.33208504,0.4710641,0.7349364,0.52956957,0.06055696
1000,0,10000000,0.041076727,0.43992916,0.34800726,0.70315516,0.49751654,0.045809355
1000,0.0001,0,0.08066543,0.39903846,0.7534117,0.7669352,0.7940397,0.17328203
1000,0.0001,10,0.0795296,0.40121454,0.75415146,0.75839865,0.7983113,0.17700496
1000,0.0001,100,0.07923159,0.4008097,0.76189816,0.7606802,0.7888742,0.17263016
1000,0.0001,1000,0.0791284,0.39838055,0.7437568,0.7754098,0.78741723,0.17297587
1000,0.0001,10000,0.069897726,0.37661943,0.69383204,0.8116428,0.74139076,0.14211793
1000,0.0001,100000,0.04861325,0.3018219,0.58258116,0.7980021,0.5755299,0.079694524
1000,0.0001,1000000,0.042795964,0.31067815,0.44872388,0.7363341,0.5416225,0.062358625
1000,0.0001,10000000,0.040775783,0.40880567,0.36141488,0.6709069,0.49016556,0.045103412
1000,0.001,0,0.09593348,0.2856275,0.6351112,0.8079815,0.8199338,0.19237573
1000,0.001,10,0.09533769,0.2883603,0.6355643,0.80610865,0.8183444,0.19267519
1000,0.001,100,0.09647088,0.2876012,0.6356486,0.81286466,0.81665564,0.1919969
1000,0.001,1000,0.094244614,0.28709513,0.61393225,0.8270503,0.81165564,0.18663533
1000,0.001,10000,0.08195156,0.27737853,0.60354745,0.84092414,0.75271523,0.14995258
1000,0.001,100000,0.053097326,0.22135627,0.49806675,0.79429376,0.5881788,0.07866551
1000,0.001,1000000,0.04650522,0.23243928,0.4017287,0.7556478,0.5455629,0.061456937
1000,0.001,10000000,0.046393715,0.33507085,0.3411902,0.6830173,0.5307616,0.05006352
1000,0.01,0,0.12340711,0.17095141,0.43234906,0.85124224,0.8406292,0.20346232
1000,0.01,10,0.12131395,0.17236844,0.44223675,0.8483075,0.84076154,0.20468096
1000,0.01,100,0.12240461,0.17226721,0.44146505,0.849507,0.8394371,0.20454597
1000,0.01,1000,0.12093793,0.17110324,0.4435121,0.85331714,0.82950336,0.19778872
1000,0.01,10000,0.10527476,0.16538462,0.41565332,0.86994934,0.79158944,0.15771382
1000,0.01,100000,0.069217786,0.13598177,0.33291453,0.8559718,0.6125828,0.07885188
1000,0.01,1000000,0.058170892,0.1492915,0.29629847,0.8267164,0.56794703,0.06518711
1000,0.01,10000000,0.06502791,0.23714575,0.28030872,0.78442204,0.6218543,0.07108486
1000,0.1,0,0.15063,0.08279352,0.19411978,0.8654138,0.81119204,0.17599122
1000,0.1,10,0.15448397,0.081831984,0.19958666,0.86563855,0.81463575,0.17624032
1000,0.1,100,0.15209575,0.0812753,0.19429776,0.86901903,0.8171854,0.17576483
1000,0.1,1000,0.15192492,0.080870435,0.1956923,0.86698115,0.80711925,0.17024238
1000,0.1,10000,0.14320171,0.0791498,0.18269925,0.88016665,0.7800331,0.14165203
1000,0.1,100000,0.10911684,0.07206477,0.13416925,0.9163798,0.6101656,0.07244789
1000,0.1,1000000,0.07839588,0.09402834,0.17030652,0.8825861,0.5480132,0.059847333
1000,0.1,10000000,0.0788251,0.14200404,0.21300158,0.8595564,0.62596023,0.07534559
1000,1,0,0.1459345,0.034564774,0.11631562,0.900235,0.607053,0.08651939
1000,1,10,0.15025139,0.034210525,0.12200204,0.8914758,0.60923845,0.08735672
1000,1,100,0.14809375,0.03390688,0.12358979,0.88871944,0.6039073,0.08569001
1000,1,1000,0.1515801,0.034159917,0.12512589,0.88947695,0.61215234,0.08779319
1000,1,10000,0.15887845,0.035374492,0.12281032,0.89072686,0.6213576,0.08816574
1000,1,100000,0.1483364,0.040131576,0.08539424,0.91922176,0.59506625,0.0746712
1000,1,1000000,0.104986645,0.05308705,0.08660815,0.93612784,0.5011259,0.048787363
1000,1,10000000,0.093700774,0.089170046,0.13038978,0.9046928,0.55920535,0.060360976
1000,10,0,0.11117685,0.01923077,0.11882919,0.9550932,0.44937086,0.050548207
1000,10,10,0.11366693,0.01938259,0.11865999,0.9576291,0.45711923,0.052094422
1000,10,100,0.12080804,0.01902834,0.10726595,0.95269185,0.48390728,0.056412894
1000,10,1000,0.11863611,0.018876519,0.11978631,0.9516279,0.46844372,0.05454754
1000,10,10000,0.11756213,0.023380566,0.10998962,0.96175134,0.49317884,0.05901756
1000,10,100000,0.11825488,0.027176112,0.08368067,0.9472162,0.49675497,0.06201593
1000,10,1000000,0.11408708,0.03147773,0.0687805,0.9597071,0.48294705,0.052491613
1000,10,10000000,0.10855953,0.047520243,0.08141113,0.9416854,0.5056622,0.052493803
1000,100,0,0.11653159,0.01659919,0.12173432,0.95174444,0.47016558,0.05947761
1000,100,10,0.11420741,0.016649798,0.12090999,0.95936155,0.46119207,0.05748676
1000,100,100,0.11356463,0.016649798,0.117708005,0.9609373,0.46506625,0.057376318
1000,100,1000,0.111345015,0.016751012,0.117867924,0.96072114,0.45596027,0.054231625
1000,100,10000,0.106246695,0.01751012,0.108462796,0.9704054,0.447649,0.05276085
1000,100,100000,0.11247758,0.017054655,0.095407985,0.94751835,0.46874171,0.059399217
1000,100,1000000,0.10845119,0.025809716,0.08503364,0.9541131,0.45668873,0.055828758
1000,100,10000000,0.110371694,0.028441299,0.06947271,0.9647931,0.4652649,0.050429434
10000,0,0,0.044578362,0.4555162,0.8070558,0.7320863,0.58715236,0.08064316
10000,0,10,0.043499045,0.45293522,0.8014027,0.7222652,0.58019865,0.081081375
10000,0,100,0.043464348,0.4512146,0.8258133,0.72737217,0.58562917,0.07989039
10000,0,1000,0.04294489,0.45136642,0.78411496,0.75874704,0.58251655,0.07905196
10000,0,10000,0.03554484,0.37459517,0.7035064,0.7929389,0.5014569,0.060142417
10000,0,100000,0.021231646,0.11077936,0.51209724,0.67752016,0.23609273,0.022261709
10000,0,1000000,0.025535803,0.13942307,0.4861729,0.7236019,0.31284767,0.032979026
10000,0,10000000,0.03256121,0.32196358,0.44213066,0.7370666,0.45298013,0.046110265
10000,0.0001,0,0.04486016,0.43243927,0.7882494,0.7385702,0.6021192,0.08456393
10000,0.0001,10,0.04570545,0.43952426,0.7844707,0.7450355,0.6064901,0.08591889
10000,0.0001,100,0.045909762,0.4396761,0.78336424,0.7495267,0.6090397,0.086804256
10000,0.0001,1000,0.04642184,0.43046555,0.7934104,0.7605598,0.6,0.08476497
10000,0.0001,10000,0.036677763,0.36275303,0.69959795,0.79913366,0.5098013,0.06139967
10000,0.0001,100000,0.024547506,0.11503036,0.4956929,0.6905666,0.260298,0.025304336
10000,0.0001,1000000,0.025625428,0.13724695,0.48117238,0.7205461,0.31248346,0.03306923
10000,0.0001,10000000,0.031318694,0.29757085,0.4583469,0.7078444,0.4386093,0.043824334
10000,0.001,0,0.053533502,0.3866903,0.7128501,0.7912844,0.6575497,0.10398009
10000,0.001,10,0.055158906,0.38016194,0.72520363,0.79155076,0.66175497,0.10636511
10000,0.001,100,0.054879177,0.38618422,0.7246392,0.7953598,0.6603643,0.10428794
10000,0.001,1000,0.05463136,0.37545547,0.71622837,0.8048317,0.6568874,0.103302695
10000,0.001,10000,0.04327438,0.3132085,0.64419067,0.8144482,0.54923844,0.07257424
10000,0.001,100000,0.023629535,0.10268219,0.48032817,0.69847745,0.25119203,0.024147842
10000,0.001,1000000,0.024777684,0.12211539,0.465427,0.6896218,0.3062914,0.031217296
10000,0.001,10000000,0.032835502,0.26852226,0.45071855,0.6974446,0.44834438,0.044414483
10000,0.01,0,0.078325875,0.27515182,0.61285853,0.84098464,0.7441722,0.14358434
10000,0.01,10,0.07840608,0.27550608,0.6018489,0.84862375,0.74801326,0.1437835
10000,0.01,100,0.07673379,0.27636638,0.59890175,0.84541523,0.74367553,0.14245597
10000,0.01,1000,0.076609954,0.27125508,0.6196858,0.8503472,0.739106,0.14088228
10000,0.01,10000,0.061113548,0.23162957,0.55399954,0.85354507,0.63745034,0.09669161
10000,0.01,100000,0.03355428,0.09448381,0.34811437,0.73858577,0.2818874,0.02652103
10000,0.01,1000000,0.031284492,0.106730774,0.39154306,0.716067,0.33354303,0.035520576
10000,0.01,10000000,0.039179776,0.20450406,0.38435298,0.7250627,0.47754964,0.047823723
10000,0.1,0,0.11323558,0.16371456,0.41693577,0.868378,0.8057947,0.17993204
10000,0.1,10,0.111511335,0.16285424,0.41181374,0.8636265,0.80129135,0.17669165
10000,0.1,100,0.112441435,0.16163966,0.4115664,0.8676027,0.7996689,0.17636749
10000,0.1,1000,0.10947399,0.1632085,0.39795315,0.87370527,0.8028145,0.1707633
10000,0.1,10000,0.097024694,0.14038461,0.33523276,0.9020106,0.7128477,0.12006311
10000,0.1,100000,0.054600727,0.071659915,0.22556964,0.7548471,0.3195033,0.030576652
10000,0.1,1000000,0.0447682,0.086690284,0.25552565,0.7797383,0.35774833,0.035704583
10000,0.1,10000000,0.050283305,0.13294534,0.28755695,0.81226665,0.50867546,0.054902982
10000,1,0,0.15078239,0.07120445,0.17994578,0.8633949,0.7813908,0.15720804
10000,1,10,0.15038079,0.06993927,0.17834924,0.8640774,0.7816225,0.15569666
10000,1,100,0.15196823,0.07216599,0.17916465,0.86167413,0.78506625,0.1588716
10000,1,1000,0.1512439,0.07176113,0.18317474,0.86625373,0.7833775,0.15601176
10000,1,10000,0.15693389,0.06897773,0.17621052,0.8688235,0.73466885,0.13261501
10000,1,100000,0.098697744,0.05303644,0.1001123,0.87345064,0.44251657,0.044592094
10000,1,1000000,0.07100155,0.06229757,0.12580702,0.87455004,0.39516556,0.03723161
10000,1,10000000,0.073106036,0.08972673,0.17482159,0.8728763,0.50486755,0.052998118
10000,10,0,0.14073792,0.030516196,0.1164181,0.8954288,0.55509937,0.074585326
10000,10,10,0.1456007,0.031224698,0.11299541,0.90908957,0.56880796,0.07835217
10000,10,100,0.14322399,0.03102227,0.11292853,0.89529526,0.564106,0.07649046
10000,10,1000,0.14842403,0.031123484,0.12305949,0.9014667,0.5748013,0.08066545
10000,10,10000,0.15850987,0.03324899,0.12655568,0.8900062,0.6087086,0.089159176
10000,10,100000,0.15216675,0.031629555,0.091602355,0.9045321,0.5748013,0.07654798
10000,10,1000000,0.11299884,0.036842104,0.060307138,0.9580449,0.48288077,0.04992006
10000,10,10000000,0.10207315,0.050860323,0.08743547,0.9345377,0.487053,0.046250843
10000,100,0,0.113327324,0.017965587,0.118433334,0.95554864,0.45609275,0.052121215
10000,100,10,0.1152217,0.017712552,0.11370303,0.95746374,0.46569538,0.052914105
10000,100,100,0.11616121,0.01811741,0.109125055,0.9576491,0.46791393,0.05473391
10000,100,1000,0.11684821,0.018724697,0.11147736,0.96063405,0.475,0.053854503
10000,100,10000,0.11456257,0.020799596,0.11215486,0.96525353,0.47582778,0.053965766
10000,100,100000,0.12065829,0.021153847,0.08930715,0.9423483,0.5034768,0.065093756
10000,100,1000000,0.11509673,0.026821863,0.07721758,0.9466036,0.47433776,0.057626523
10000,100,10000000,0.1124202,0.030111337,0.06695499,0.96014845,0.4757616,0.05023256
