lambdap,lambdad,lambdaf,ARP,AGD,ILS,IPE,HR,NDCG,
0,0,0,0.122652178,0.194998856,0.544621593,0.072040818,0.87745098,0.54932927,
0,0,10,0.123103525,0.196375325,0.538778184,0.068668325,0.876906289,0.550555136,
0,0,100,0.128182484,0.202110582,0.55864117,0.095906349,0.874727708,0.54466229,
0,0,1000,0.154441941,0.242027947,0.631340719,0.276109822,0.864923795,0.516419349,
0,0,10000,0.295852557,0.356733191,0.791040419,0.713878046,0.729030491,0.336715074,
0,0,100000,0.641518722,0.622390414,0.826280701,0.818141598,0.406862787,0.130119229,
0,0,1000000,0.883491238,0.741454466,0.761338552,0.662088938,0.158769053,0.039651897,
0,0,10000000,0.999098921,0.659554936,0.635605147,0.432671697,0,0,
0,0.0001,0,0.156161162,0.368433105,0.651885537,0.369033751,0.983387779,0.852111178,
0,0.0001,10,0.159871432,0.367056674,0.653943047,0.372035878,0.982298399,0.850927004,
0,0.0001,100,0.163812584,0.373480185,0.66140141,0.395521019,0.979847459,0.849093549,
0,0.0001,1000,0.198187593,0.399632932,0.709811902,0.526040622,0.97630719,0.803889235,
0,0.0001,10000,0.30817199,0.469603149,0.815419155,0.779515154,0.886710253,0.513533265,
0,0.0001,100000,0.587174313,0.621243382,0.838446127,0.841960817,0.504357285,0.158165712,
0,0.0001,1000000,0.859065161,0.80385412,0.807189226,0.758842481,0.191448816,0.049967439,
0,0.0001,10000000,0.987768284,0.739848636,0.687155767,0.521042503,0.025871455,0.00423169,
0,0.001,0,0.160494109,0.422344582,0.723065924,0.553379025,0.993736318,0.944975673,
0,0.001,10,0.163383666,0.426015193,0.72105032,0.553781864,0.993736382,0.946485122,
0,0.001,100,0.1685699,0.428538656,0.735368912,0.587880676,0.991557826,0.929937785,
0,0.001,1000,0.211540151,0.459050191,0.772481257,0.703158212,0.988562029,0.876523803,
0,0.001,10000,0.342479941,0.520761649,0.808511041,0.850634962,0.937091412,0.613894544,
0,0.001,100000,0.559164336,0.628125768,0.828368104,0.840923407,0.641612187,0.222637768,
0,0.001,1000000,0.796299434,0.761642575,0.783426559,0.755443254,0.289215698,0.074670382,
0,0.001,10000000,0.945502345,0.821977487,0.738556756,0.641877113,0.059095832,0.01347443,
0,0.01,0,0.148315981,0.345950911,0.830365773,0.729011424,0.998093648,0.997500432,
0,0.01,10,0.148584123,0.343656847,0.83477972,0.739194194,0.997276613,0.988657074,
0,0.01,100,0.155876688,0.346868564,0.843416391,0.785126251,0.992919347,0.971230405,
0,0.01,1000,0.212089174,0.354668487,0.868106116,0.888600788,0.98992373,0.895364724,
0,0.01,10000,0.340937783,0.406744678,0.845521712,0.896809674,0.938180832,0.664691232,
0,0.01,100000,0.499209142,0.538655695,0.831095433,0.885737382,0.82489111,0.387937638,
0,0.01,1000000,0.682342899,0.634319823,0.812105627,0.799560582,0.495097986,0.14383058,
0,0.01,10000000,0.831107638,0.762330772,0.802093362,0.777821752,0.230392172,0.056847229,
0,0.1,0,0.128806163,0.20119293,0.917467614,0.8652476,0.978213607,0.93052122,
0,0.1,10,0.13150246,0.199816422,0.917204458,0.87322664,0.980392111,0.934057028,
0,0.1,100,0.153289166,0.200045878,0.929818487,0.929999515,0.978213607,0.909071627,
0,0.1,1000,0.199469662,0.217481088,0.939776905,0.971632156,0.96786494,0.836850681,
0,0.1,10000,0.322262963,0.249369092,0.901582003,0.924237315,0.926198312,0.666703506,
0,0.1,100000,0.403503472,0.355815558,0.847232283,0.859703079,0.889978202,0.53469771,
0,0.1,1000000,0.538500879,0.523743987,0.830240168,0.889156873,0.793845302,0.350443681,
0,0.1,10000000,0.710207277,0.626519822,0.784443357,0.736986608,0.431100287,0.120123002,
0,1,0,0.12477152,0.068134893,0.984287805,0.99077851,0.919662221,0.717880627,
0,1,10,0.13874066,0.071346637,0.984939734,0.998945667,0.919662349,0.711671275,
0,1,100,0.138085636,0.076852466,0.97688925,0.987281348,0.922113263,0.722799123,
0,1,1000,0.113756493,0.081211283,0.9604414,0.958162318,0.937363822,0.70705275,
0,1,10000,0.211248762,0.11654048,0.96593797,0.990404503,0.917483588,0.588551564,
0,1,100000,0.359925602,0.213810496,0.900696828,0.873435108,0.897058856,0.570809069,
0,1,1000000,0.4232858,0.352145024,0.850109188,0.856909119,0.885620872,0.508354071,
0,1,10000000,0.553767828,0.526955723,0.824564157,0.878890518,0.78758162,0.327937338,
0,10,0,0.138087137,0.023399854,0.987493641,0.960918321,0.836329055,0.576532279,
0,10,10,0.140140194,0.023170436,0.987846503,0.961262767,0.835784198,0.56757459,
0,10,100,0.129646757,0.035558604,0.984772274,0.977759538,0.85294125,0.597281035,
0,10,1000,0.067129519,0.049323241,0.963886495,0.938201545,0.888888886,0.645820045,
0,10,10000,0.020168299,0.047946752,0.939316368,0.892206769,0.881808169,0.554951171,
0,10,100000,0.204356272,0.099793535,0.958156633,0.977465901,0.902233119,0.552529261,
0,10,1000000,0.361156171,0.200045897,0.89659976,0.871264322,0.899237489,0.56380141,
0,10,10000000,0.414262731,0.356503792,0.848793363,0.848861918,0.889161231,0.515948679,
0,100,0,0.142682449,0.002064683,0.980597484,0.948050151,0.83551193,0.573391905,
0,100,10,0.140109486,0.002752924,0.985986419,0.946661739,0.838780008,0.577681817,
0,100,100,0.117835402,0.020417516,0.967487059,0.968332279,0.852396431,0.577860518,
0,100,1000,0.092416448,0.025693957,0.977624923,0.965707587,0.854302796,0.588672952,
0,100,10000,0.048914371,0.036476256,0.949633683,0.912213383,0.841775612,0.558812845,
0,100,100000,0.037876188,0.055746713,0.948102502,0.915080602,0.872821292,0.541504582,
0,100,1000000,0.220775313,0.101169987,0.958760727,0.980696889,0.900871483,0.538380861,
0,100,10000000,0.364383976,0.204634084,0.899853486,0.863147289,0.887254943,0.547684407,
0.1,0,0,0.129192908,0.202110582,0.53703762,0.07139151,0.889705922,0.565133132,
0.1,0,10,0.125603016,0.202110582,0.546092871,0.084045858,0.887799505,0.561453998,
0.1,0,100,0.132746041,0.204634123,0.554538162,0.096988957,0.888344196,0.559808751,
0.1,0,1000,0.15480694,0.248222079,0.623314116,0.271053824,0.869553355,0.522802057,
0.1,0,10000,0.289463095,0.363615481,0.790741358,0.716642616,0.731209124,0.346930225,
0.1,0,100000,0.64812519,0.620784584,0.818660918,0.788541586,0.392429238,0.123765163,
0.1,0,1000000,0.892991958,0.738930945,0.764945152,0.67021154,0.142429177,0.034767952,
0.1,0,10000000,0.998603991,0.662307856,0.658255359,0.476956107,0.000544665,0.000440616,
0.1,0.0001,0,0.159406346,0.365909584,0.653039897,0.37171975,0.982570808,0.856998876,
0.1,0.0001,10,0.162290034,0.370727227,0.648871098,0.366767429,0.983660125,0.853976877,
0.1,0.0001,100,0.164112163,0.370039012,0.658452763,0.391141319,0.982570808,0.851801788,
0.1,0.0001,1000,0.198019675,0.395274183,0.713304819,0.528727649,0.971677579,0.799070867,
0.1,0.0001,10000,0.317991433,0.4709796,0.808092348,0.779163252,0.898420453,0.523731467,
0.1,0.0001,100000,0.594955466,0.631566845,0.834815703,0.856283631,0.520697225,0.165743313,
0.1,0.0001,1000000,0.864395161,0.804542393,0.788797519,0.73234733,0.179738565,0.045212003,
0.1,0.0001,10000000,0.98372679,0.724248655,0.670959076,0.498090613,0.020969512,0.005471213,
0.1,0.001,0,0.161091765,0.429915106,0.722683102,0.550559874,0.992102375,0.941443881,
0.1,0.001,10,0.163117298,0.426932769,0.721271581,0.5560122,0.993191769,0.942584383,
0.1,0.001,100,0.171517143,0.43060338,0.728173745,0.586182305,0.993464088,0.936375887,
0.1,0.001,1000,0.212856705,0.453773808,0.768067255,0.699436988,0.983115344,0.869560258,
0.1,0.001,10000,0.346169647,0.526038032,0.811005152,0.860410994,0.938453138,0.621177371,
0.1,0.001,100000,0.572187562,0.625602189,0.815455026,0.825368938,0.654956458,0.224187198,
0.1,0.001,1000000,0.793332651,0.755219122,0.796363574,0.757312178,0.290577334,0.075146103,
0.1,0.001,10000000,0.959784165,0.805001171,0.738377401,0.658288714,0.071623094,0.01531768,
0.1,0.01,0,0.150763335,0.348703831,0.828601322,0.729324596,0.998093648,0.986466778,
0.1,0.01,10,0.151113139,0.344115606,0.832686451,0.741417075,0.995370325,0.986503097,
0.1,0.01,100,0.16635816,0.346409709,0.839606409,0.78673067,0.993191769,0.969754529,
0.1,0.01,1000,0.213314966,0.358797876,0.865109613,0.88649041,0.984204815,0.891772784,
0.1,0.01,10000,0.332770549,0.405138791,0.850785042,0.890714595,0.942538059,0.665094136,
0.1,0.01,100000,0.497074333,0.525808672,0.83098782,0.889733093,0.830337757,0.390513003,
0.1,0.01,1000000,0.678619081,0.62812571,0.798959297,0.784902917,0.493464043,0.144727382,
0.1,0.01,10000000,0.854975175,0.754301431,0.779873857,0.742798547,0.211328961,0.050046242,
0.1,0.1,0,0.132494868,0.202798798,0.915117117,0.86334993,0.982298399,0.930932008,
0.1,0.1,10,0.131072223,0.196834142,0.919860034,0.876322676,0.979575153,0.931341555,
0.1,0.1,100,0.146462279,0.20256938,0.928466779,0.926040519,0.977124226,0.910016037,
0.1,0.1,1000,0.193660887,0.219545753,0.93597297,0.964019841,0.96786494,0.841310998,
0.1,0.1,10000,0.317505647,0.250974999,0.905290232,0.916974587,0.924836599,0.658505384,
0.1,0.1,100000,0.413125515,0.361092018,0.851323322,0.866648993,0.894607878,0.531608831,
0.1,0.1,1000000,0.545742171,0.528332173,0.836161376,0.88420438,0.786220023,0.335459887,
0.1,0.1,10000000,0.714239782,0.609772867,0.789969792,0.738505729,0.433823482,0.122423882,
0.1,1,0,0.134416629,0.07226427,0.978378554,0.986282024,0.910947753,0.723713946,
0.1,1,10,0.144026026,0.071346637,0.982056873,0.996257526,0.909858437,0.710800212,
0.1,1,100,0.144309226,0.073870138,0.982505459,0.994272674,0.921296292,0.717299436,
0.1,1,1000,0.122086551,0.087405348,0.95728941,0.949356649,0.94362744,0.708476983,
0.1,1,10000,0.216148656,0.113099318,0.961769188,0.995368134,0.922113263,0.607459513,
0.1,1,100000,0.357133994,0.211516412,0.898944363,0.875832268,0.897331073,0.565562936,
0.1,1,1000000,0.42258187,0.352144966,0.851646325,0.856312764,0.885076311,0.501544896,
0.1,1,10000000,0.541515407,0.526496926,0.827411091,0.858693473,0.767973885,0.332026983,
0.1,10,0,0.147856855,0.024088089,0.984951691,0.956829087,0.845315765,0.584520638,
0.1,10,10,0.138791568,0.021564568,0.989616938,0.964450356,0.837690601,0.578700695,
0.1,10,100,0.117271366,0.036476256,0.983510289,0.972996234,0.845860622,0.590392608,
0.1,10,1000,0.069933683,0.043587964,0.957361152,0.928423371,0.895152568,0.644699504,
0.1,10,10000,0.013769784,0.048405596,0.93509974,0.880681341,0.883986801,0.560771999,
0.1,10,100000,0.214170301,0.09772884,0.957307346,0.97039686,0.904411662,0.543856955,
0.1,10,1000000,0.36441564,0.206239933,0.897676371,0.869490636,0.894063252,0.562864736,
0.1,10,10000000,0.425162066,0.354439088,0.840838547,0.845554373,0.891884606,0.523420217,
0.1,100,0,0.144796286,0.002294103,0.98138103,0.952217785,0.836601362,0.573101058,
0.1,100,10,0.141492415,0.002752908,0.98840277,0.95963093,0.836873656,0.579989249,
0.1,100,100,0.140067131,0.018352831,0.987242431,0.974988155,0.835239649,0.572201146,
0.1,100,1000,0.105520654,0.023170436,0.990418374,0.977241411,0.861383488,0.58900437,
0.1,100,10000,0.043741194,0.039917391,0.943706468,0.902055631,0.838507598,0.534802828,
0.1,100,100000,0.017860248,0.049093813,0.939537669,0.893900727,0.873093637,0.540879484,
0.1,100,1000000,0.205620462,0.097499422,0.956966401,0.972607446,0.895424965,0.530470278,
0.1,100,10000000,0.358080544,0.198669409,0.896665585,0.861259259,0.896786511,0.557655187,
1,0,0,0.155036548,0.218169322,0.542037771,0.111719067,0.927015155,0.637018114,
1,0,10,0.15349853,0.216563435,0.538754158,0.112723104,0.927287551,0.636136805,
1,0,100,0.161714852,0.222069255,0.554926934,0.137143305,0.928104536,0.637056972,
1,0,1000,0.181767187,0.266574903,0.641490512,0.320489469,0.91503261,0.588558267,
1,0,10000,0.317911591,0.364762571,0.811776662,0.739404804,0.759531609,0.365897406,
1,0,100000,0.635009338,0.630419794,0.821382247,0.809373329,0.412037025,0.136019416,
1,0,1000000,0.887079756,0.760725038,0.756206846,0.6619964,0.16149235,0.04018934,
1,0,10000000,1,0.661849077,0.639767939,0.454485243,0.00354032,0.002217948,
1,0.0001,0,0.172881647,0.379215423,0.638990394,0.3652684,0.988017519,0.875836962,
1,0.0001,10,0.174488726,0.383115356,0.63841626,0.366780281,0.986383448,0.870485209,
1,0.0001,100,0.181324803,0.388391854,0.651837731,0.395041192,0.983387779,0.865704134,
1,0.0001,1000,0.213774957,0.410874067,0.703675411,0.530693223,0.977941133,0.815439799,
1,0.0001,10000,0.323711676,0.481532462,0.806776511,0.777714391,0.908224366,0.531024983,
1,0.0001,100000,0.595856995,0.623537523,0.836526201,0.843197869,0.518790873,0.164676493,
1,0.0001,1000000,0.870443058,0.7983483,0.78027453,0.710272922,0.175925899,0.043565581,
1,0.0001,10000000,0.984433063,0.711401651,0.676377898,0.521189664,0.033769067,0.006597897,
1,0.001,0,0.169086804,0.43909146,0.715954428,0.548626302,0.996459705,0.951377161,
1,0.001,10,0.170106144,0.429456251,0.719596921,0.552555737,0.995370325,0.947772524,
1,0.001,100,0.174942484,0.43863274,0.726325623,0.579465166,0.996459705,0.940288054,
1,0.001,1000,0.224016357,0.459967863,0.772630777,0.717320799,0.984749505,0.878319552,
1,0.001,10000,0.348709446,0.520532289,0.799688991,0.837731748,0.940359477,0.620410835,
1,0.001,100000,0.564813791,0.63179634,0.824893122,0.849632896,0.654956458,0.232341029,
1,0.001,1000000,0.78791922,0.777013023,0.798684201,0.79529,0.294389948,0.077207151,
1,0.001,10000000,0.955698587,0.800183567,0.748156385,0.63705126,0.066176473,0.014922639,
1,0.01,0,0.152501891,0.342968554,0.830742588,0.733009962,0.997549086,0.988649308,
1,0.01,10,0.151619397,0.350539079,0.829833432,0.739913505,0.995915015,0.989207143,
1,0.01,100,0.160914384,0.348703831,0.840814632,0.78673881,0.99618736,0.97404016,
1,0.01,1000,0.218851323,0.358568458,0.867555839,0.896996292,0.98502185,0.889468807,
1,0.01,10000,0.341962628,0.407203456,0.849732372,0.892612907,0.947984795,0.669648733,
1,0.01,100000,0.490683506,0.53567326,0.826615667,0.901768164,0.837690755,0.411421385,
1,0.01,1000000,0.699581543,0.626061025,0.792858677,0.77742204,0.461328983,0.131805257,
1,0.01,10000000,0.840677022,0.754989704,0.789581042,0.74319843,0.239106742,0.057157484,
1,0.1,0,0.131629389,0.203028197,0.917180567,0.864953193,0.976034807,0.930308267,
1,0.1,10,0.134101128,0.200504695,0.920434231,0.876571715,0.978213607,0.935472757,
1,0.1,100,0.152401759,0.203716431,0.93049434,0.930205326,0.975490283,0.904492079,
1,0.1,1000,0.206150968,0.214039914,0.941146571,0.983338632,0.965413897,0.834619283,
1,0.1,10000,0.31889904,0.252122011,0.904153807,0.92144961,0.935457598,0.655515157,
1,0.1,100000,0.401620472,0.372333114,0.84271061,0.854414023,0.902777848,0.543904406,
1,0.1,1000000,0.538216222,0.522826315,0.83161579,0.871599515,0.781045799,0.34745307,
1,0.1,10000000,0.713597724,0.610231703,0.786829776,0.741101332,0.412037025,0.114257705,
1,1,0,0.129167204,0.067676064,0.98575914,0.98939841,0.921023946,0.714087044,
1,1,10,0.139307652,0.069052514,0.983354763,0.999205031,0.914760393,0.722483827,
1,1,100,0.131580164,0.068593698,0.978557988,0.990239305,0.925925851,0.713008963,
1,1,1000,0.120537614,0.088552409,0.959328945,0.955557976,0.941448807,0.713147476,
1,1,10000,0.211973573,0.117687532,0.964771687,0.992855901,0.913398667,0.596080533,
1,1,100000,0.35993006,0.214728129,0.901845165,0.879554949,0.902233119,0.574524523,
1,1,1000000,0.422836364,0.353521435,0.855211002,0.862072821,0.886437908,0.526082127,
1,1,10000000,0.544608277,0.523055752,0.827482889,0.877894236,0.777777759,0.331031106,
1,10,0,0.132638448,0.024776324,0.993462712,0.973491911,0.842047957,0.587806052,
1,10,10,0.130726559,0.023629272,0.99188972,0.969242021,0.841775612,0.58577243,
1,10,100,0.128125298,0.035099787,0.99382757,0.986761079,0.855936919,0.592092304,
1,10,1000,0.076283292,0.045882067,0.951427987,0.9329196,0.888888886,0.644489947,
1,10,10000,0.022589722,0.052534996,0.934274367,0.893736943,0.88698256,0.572109788,
1,10,100000,0.223925778,0.103922914,0.964436721,0.983482152,0.900599022,0.544784711,
1,10,1000000,0.357469058,0.200963531,0.895295908,0.867676293,0.900599176,0.556848288,
1,10,10000000,0.419470529,0.348245014,0.848685682,0.856761744,0.887254943,0.51265358,
1,100,0,0.142898637,0,0.983599995,0.95183975,0.835784352,0.571591343,
1,100,10,0.144190669,0.003670569,0.978432389,0.942938416,0.838507598,0.573614365,
1,100,100,0.129413964,0.0199587,0.976321072,0.975823353,0.860566401,0.579808422,
1,100,1000,0.102582328,0.023399854,0.99273304,0.983443594,0.858115423,0.589435206,
1,100,10000,0.056525122,0.040146819,0.955297708,0.92189859,0.852124215,0.545161011,
1,100,100000,0.019818677,0.047946771,0.94057837,0.89303087,0.86247274,0.527510966,
1,100,1000000,0.211077522,0.098417055,0.961858911,0.979956285,0.890795212,0.536170545,
1,100,10000000,0.367694262,0.206698788,0.893633205,0.864778527,0.892973858,0.556986418,
10,0,0,0.262476735,0.365221368,0.447190429,0.155057577,0.982026105,0.88501041,
10,0,10,0.263837918,0.364074317,0.453769555,0.165541995,0.977668916,0.881058529,
10,0,100,0.267194744,0.373480185,0.479577776,0.209834502,0.980936866,0.877273892,
10,0,1000,0.295380965,0.395962379,0.609402254,0.442275634,0.970588276,0.826529084,
10,0,10000,0.39756613,0.463867892,0.776422761,0.769036861,0.914487919,0.565412198,
10,0,100000,0.640679447,0.642807923,0.831831129,0.822303362,0.47004354,0.153603183,
10,0,1000000,0.887851904,0.743978025,0.770561366,0.661785791,0.170479266,0.041923923,
10,0,10000000,0.997548975,0.667813676,0.618092755,0.409479679,0.00953158,0.001779585,
10,0.0001,0,0.245514085,0.455379696,0.564042022,0.327241739,0.992374656,0.942020761,
10,0.0001,10,0.245080981,0.457215001,0.56654809,0.329586033,0.988834426,0.94310147,
10,0.0001,100,0.249255927,0.466620715,0.585400255,0.376028376,0.989651461,0.937283151,
10,0.0001,1000,0.285625897,0.476256021,0.670504518,0.564171817,0.986655793,0.876720486,
10,0.0001,10000,0.384492496,0.518008652,0.780370242,0.790405625,0.931917239,0.612161483,
10,0.0001,100000,0.605986207,0.643266817,0.835401823,0.842669846,0.573801707,0.190517946,
10,0.0001,1000000,0.864243989,0.797660065,0.79894734,0.743831458,0.19689545,0.047267777,
10,0.0001,10000000,0.983162855,0.729983893,0.695230171,0.524171442,0.023148132,0.004944571,
10,0.001,0,0.215862135,0.460656078,0.686360231,0.530525713,0.992919347,0.969747117,
10,0.001,10,0.219427051,0.463409056,0.686563613,0.53377585,1,0.977109403,
10,0.001,100,0.225578032,0.462720802,0.695876138,0.568465405,0.997548958,0.953491424,
10,0.001,1000,0.266533396,0.481991317,0.756033413,0.724976599,0.988562029,0.888624554,
10,0.001,10000,0.381979403,0.530396897,0.793049989,0.856547964,0.932734236,0.639057583,
10,0.001,100000,0.56380041,0.642807923,0.833087158,0.856799016,0.687908503,0.247951338,
10,0.001,1000000,0.798201492,0.772883691,0.801782339,0.789145396,0.30174292,0.079077569,
10,0.001,10000000,0.943122609,0.828171542,0.742689713,0.665092565,0.105119816,0.021792774,
10,0.01,0,0.174773519,0.359256712,0.824767461,0.728715817,0.995098031,1,
10,0.01,10,0.178499302,0.364991989,0.820012626,0.732141005,0.990740842,0.988740755,
10,0.01,100,0.188528108,0.35420969,0.83402011,0.790273801,0.998365993,0.972595937,
10,0.01,1000,0.237120518,0.367286092,0.86207721,0.885784808,0.983932508,0.883365901,
10,0.01,10000,0.360557014,0.41454464,0.843912816,0.895873156,0.944716756,0.662885001,
10,0.01,100000,0.500275205,0.53131453,0.822117886,0.888418283,0.834967368,0.401908843,
10,0.01,1000000,0.677873906,0.638908009,0.810293427,0.769755101,0.488289755,0.147582577,
10,0.01,10000000,0.837425424,0.76898372,0.786913526,0.742254629,0.221949896,0.055073481,
10,0.1,0,0.134144529,0.205781155,0.912162463,0.862683743,0.971677528,0.93063059,
10,0.1,10,0.1424906,0.207616441,0.914961574,0.87591581,0.975490155,0.928665058,
10,0.1,100,0.158033153,0.209681126,0.926014529,0.924909072,0.971949989,0.905503221,
10,0.1,1000,0.212324697,0.219316335,0.939166849,0.979982162,0.963779955,0.826500501,
10,0.1,10000,0.324745893,0.25464559,0.901043683,0.913253792,0.929193955,0.657654134,
10,0.1,100000,0.412967696,0.362468449,0.839403072,0.856234364,0.903594665,0.540478204,
10,0.1,1000000,0.536683436,0.526267527,0.822769814,0.863774062,0.783224354,0.33798978,
10,0.1,10000000,0.719377678,0.610690558,0.795903014,0.733513779,0.439542474,0.118882393,
10,1,0,0.136883409,0.074099566,0.977307949,0.979224979,0.927015283,0.726042756,
10,1,10,0.144211641,0.070199576,0.983103581,0.995396838,0.918300495,0.712540094,
10,1,100,0.142019737,0.079605396,0.973360451,0.987874276,0.936546889,0.733599687,
10,1,1000,0.119403947,0.085570071,0.965836313,0.963893458,0.942810533,0.715322802,
10,1,10000,0.22362115,0.119981635,0.969161753,0.996486044,0.919934694,0.589675502,
10,1,100000,0.358847756,0.213581117,0.896055535,0.868251013,0.897875891,0.571948922,
10,1,1000000,0.425919679,0.35535676,0.848805308,0.850942308,0.888344196,0.509074927,
10,1,10000000,0.548863065,0.523055791,0.826992482,0.885498369,0.773692787,0.333021193,
10,10,0,0.133880436,0.023629272,0.992619414,0.972985952,0.836873592,0.58425365,
10,10,10,0.144221241,0.026382211,0.991345439,0.968731906,0.838235305,0.572097741,
10,10,100,0.120174389,0.038999758,0.988976933,0.997683939,0.862472817,0.602016962,
10,10,1000,0.068238528,0.044735027,0.963503695,0.942675497,0.890250612,0.636441411,
10,10,10000,0.022261164,0.050929109,0.939035265,0.884702414,0.885348527,0.563951262,
10,10,100000,0.196754666,0.092452399,0.960764392,0.97851792,0.893790842,0.526410887,
10,10,1000000,0.364974307,0.208763454,0.897748142,0.863705773,0.894063252,0.545239997,
10,10,10000000,0.422527368,0.351686188,0.851245556,0.846895316,0.894607878,0.520194655,
10,100,0,0.14644167,0.002294103,0.984838054,0.951803592,0.836601362,0.571010772,
10,100,10,0.136230751,0.000917641,0.988893211,0.962984358,0.837962908,0.576590331,
10,100,100,0.117439285,0.017205761,0.97100389,0.979288084,0.856481442,0.586312312,
10,100,1000,0.107090837,0.025464539,0.990807147,0.982253025,0.860294095,0.587261653,
10,100,10000,0.030016403,0.035788022,0.937211057,0.889486753,0.848039166,0.557844105,
10,100,100000,0.02133777,0.051617344,0.93249801,0.892125798,0.873093765,0.546663728,
10,100,1000000,0.234701142,0.099334708,0.963766879,0.977088209,0.894335404,0.543842929,
10,100,10000000,0.365449175,0.202339962,0.897730195,0.864690017,0.893518548,0.557664636,
100,0,0,0.469746994,0.671943103,0.276700869,0.142416682,0.978758168,0.891139476,
100,0,10,0.468609823,0.673548933,0.286474043,0.162138827,0.975490155,0.887635204,
100,0,100,0.47933105,0.669190126,0.336278093,0.271025806,0.9757625,0.883479671,
100,0,1000,0.508232666,0.657719669,0.584533055,0.675441818,0.970588276,0.791613562,
100,0,10000,0.555450153,0.620096427,0.712784463,0.862743079,0.910675472,0.593174282,
100,0,100000,0.642267736,0.710025297,0.784580863,0.845641641,0.730119872,0.306350371,
100,0,1000000,0.864754764,0.773342489,0.790807145,0.723283712,0.23093685,0.053543989,
100,0,10000000,0.986545803,0.689607673,0.685134128,0.514666169,0.018246176,0.005256772,
100,0.0001,0,0.452633303,0.659784335,0.375100969,0.248701031,0.969771163,0.901241566,
100,0.0001,10,0.452582259,0.663454965,0.3776609,0.24812781,0.977668749,0.899044243,
100,0.0001,100,0.460755134,0.666437283,0.41458182,0.357272224,0.977668916,0.902091724,
100,0.0001,1000,0.499404767,0.651984392,0.613971789,0.719724643,0.97222227,0.806370318,
100,0.0001,10000,0.547853825,0.615508144,0.720302667,0.856264953,0.909041401,0.598476754,
100,0.0001,100000,0.627826527,0.707960574,0.776339011,0.851215895,0.76416122,0.326353157,
100,0.0001,1000000,0.829531018,0.845606751,0.806495437,0.775587775,0.266884524,0.07086768,
100,0.0001,10000000,0.974714322,0.756825067,0.682024005,0.530404471,0.028594753,0.008158452,
100,0.001,0,0.403730988,0.595319957,0.549848978,0.44886999,0.976851881,0.917123027,
100,0.001,10,0.405961881,0.59876115,0.555441256,0.465113395,0.979302923,0.920590184,
100,0.001,100,0.413622811,0.601972963,0.575615293,0.539454766,0.973856084,0.90007694,
100,0.001,1000,0.464550205,0.582014194,0.711456726,0.830976651,0.961056554,0.790457321,
100,0.001,10000,0.525089042,0.549896753,0.756188888,0.875613562,0.90740733,0.592084213,
100,0.001,100000,0.599149038,0.671713647,0.793528496,0.868356832,0.786764713,0.360664323,
100,0.001,1000000,0.780439656,0.789171772,0.822751913,0.812598447,0.365740735,0.098991504,
100,0.001,10000000,0.939968254,0.851112668,0.762983348,0.68367568,0.099673182,0.02113795,
100,0.01,0,0.31041685,0.439779772,0.76295944,0.692105757,0.984477211,0.957166129,
100,0.01,10,0.309165808,0.442303293,0.769083996,0.709154756,0.98910672,0.947892052,
100,0.01,100,0.326301745,0.440697464,0.78700921,0.782744384,0.979030642,0.913738164,
100,0.01,1000,0.386417032,0.423721052,0.834444867,0.935777566,0.964869297,0.786312537,
100,0.01,10000,0.472078611,0.426244553,0.806417688,0.858073555,0.912854105,0.603406825,
100,0.01,100000,0.528779385,0.538655695,0.804431976,0.869372179,0.840958705,0.432536254,
100,0.01,1000000,0.694157238,0.650607865,0.798744014,0.797713122,0.557461858,0.167340621,
100,0.01,10000000,0.848334859,0.749483826,0.795980757,0.753970102,0.228213462,0.052961082,
100,0.1,0,0.203326377,0.253957317,0.895804307,0.849771703,0.980936866,0.931177146,
100,0.1,10,0.197106381,0.247533806,0.896994539,0.86558455,0.978213478,0.922790873,
100,0.1,100,0.222810446,0.254186754,0.913328792,0.927529694,0.968137182,0.883161925,
100,0.1,1000,0.269949456,0.256480838,0.919249989,0.974498261,0.959967379,0.788105214,
100,0.1,10000,0.392644262,0.264510198,0.879147102,0.88435107,0.911219983,0.599332109,
100,0.1,100000,0.428506837,0.364762571,0.841334972,0.841552536,0.893246152,0.527155572,
100,0.1,1000000,0.539648376,0.525120456,0.823732783,0.885342254,0.79330074,0.35921886,
100,0.1,10000000,0.703336215,0.622161054,0.798325349,0.775287498,0.456426975,0.127971867,
100,1,0,0.126535053,0.094975901,0.966446347,0.969149483,0.944989165,0.77577276,
100,1,10,0.133273681,0.095205327,0.964705878,0.977141162,0.947440092,0.774434394,
100,1,100,0.137880458,0.098417055,0.957163805,0.968757911,0.942810404,0.763544331,
100,1,1000,0.131620836,0.102087639,0.953910118,0.943509195,0.954248387,0.731964214,
100,1,10000,0.228066468,0.124111043,0.95673316,0.981863338,0.919117659,0.582842055,
100,1,100000,0.360925789,0.215186965,0.896372503,0.866838225,0.899237489,0.574549119,
100,1,1000000,0.432045548,0.348474413,0.847973934,0.848532723,0.885893218,0.507796679,
100,1,10000000,0.54669823,0.529708643,0.821771042,0.875356298,0.789487972,0.345604703,
100,10,0,0.130482301,0.022482201,0.990107356,0.970425436,0.848856265,0.584193945,
100,10,10,0.135099586,0.027070407,1,0.981759061,0.844226526,0.583473413,
100,10,100,0.121060568,0.039229176,0.982744689,0.988022508,0.859749366,0.59186878,
100,10,1000,0.060569773,0.04679971,0.949789186,0.927587702,0.904139522,0.64890854,
100,10,10000,0.010255549,0.04702913,0.936888077,0.881680151,0.887799634,0.557920758,
100,10,100000,0.210346432,0.101169987,0.956631469,0.976766726,0.895697258,0.549954988,
100,10,1000000,0.371727722,0.209910525,0.900319973,0.863897018,0.893246152,0.563916154,
100,10,10000000,0.418115579,0.348474413,0.845162815,0.846859158,0.890522906,0.513890254,
100,100,0,0.143972843,0.002294091,0.983468394,0.950665247,0.838235305,0.572048371,
100,100,10,0.131117762,0.0045882,0.985573749,0.960742242,0.838235305,0.579306542,
100,100,100,0.122887747,0.021105751,0.97504713,0.967964484,0.847766872,0.580457911,
100,100,1000,0.119932497,0.026382211,0.992236592,0.98425223,0.859204855,0.589466771,
100,100,10000,0.052101323,0.042211514,0.952343077,0.908142142,0.84667744,0.560757619,
100,100,100000,0.021740165,0.049782057,0.941266209,0.896337559,0.867374709,0.530498241,
100,100,1000000,0.223876144,0.105758208,0.961195014,0.979700949,0.898420453,0.544133628,
100,100,10000000,0.364771085,0.204175267,0.897215845,0.863630971,0.885620872,0.555132263,
1000,0,0,0.723449922,0.92865339,0.028727088,0.049042316,0.860021788,0.53874907,
1000,0,10,0.729940608,0.914888734,0.040150896,0.094016176,0.86410676,0.533153389,
1000,0,100,0.739761506,0.906171216,0.19098655,0.318000499,0.845315919,0.490300237,
1000,0,1000,0.795694522,0.80545995,0.494159535,0.81280006,0.783224354,0.371358264,
1000,0,10000,0.82074097,0.448268007,0.393121896,0.500004049,0.681372578,0.277686913,
1000,0,100000,0.717600088,0.601055291,0.63580255,0.714868715,0.785947678,0.375611828,
1000,0,1000000,0.763024586,0.85638907,0.770423775,0.814879936,0.611655759,0.20966303,
1000,0,10000000,0.932403325,0.824959825,0.741607094,0.63624151,0.138616512,0.030638929,
1000,0.0001,0,0.716527497,0.911218258,0.070869392,0.100707611,0.861655782,0.540510625,
1000,0.0001,10,0.715226302,0.905941798,0.109369373,0.148112734,0.860021788,0.538558971,
1000,0.0001,100,0.729706177,0.899288946,0.2056581,0.328643731,0.850762489,0.508115429,
1000,0.0001,1000,0.787235307,0.785501238,0.51997969,0.821370057,0.790577289,0.377402881,
1000,0.0001,10000,0.813712653,0.442762091,0.391740296,0.502146987,0.682734214,0.278423156,
1000,0.0001,100000,0.713648176,0.59073177,0.635688902,0.71830757,0.786492329,0.378459171,
1000,0.0001,1000000,0.764359928,0.878412505,0.748407595,0.820505942,0.587418272,0.205223117,
1000,0.0001,10000000,0.925981654,0.855241999,0.754083572,0.671652904,0.143518494,0.03303184,
1000,0.001,0,0.68774432,0.851571446,0.238864785,0.258005377,0.884803837,0.595673289,
1000,0.001,10,0.676105369,0.841018623,0.296079425,0.321701459,0.87717875,0.580488058,
1000,0.001,100,0.697136782,0.825877497,0.373856875,0.504744047,0.86465145,0.542512949,
1000,0.001,1000,0.756716103,0.745813215,0.582146619,0.876411059,0.794390031,0.393144589,
1000,0.001,10000,0.800457661,0.427162264,0.429851391,0.517168763,0.697984683,0.290198969,
1000,0.001,100000,0.695608363,0.563431953,0.643416383,0.715282651,0.792483628,0.394240947,
1000,0.001,1000000,0.740531493,0.838953899,0.776614129,0.833607984,0.629084951,0.220580878,
1000,0.001,10000000,0.914893463,0.878871302,0.758730849,0.714802568,0.151416118,0.035260147,
1000,0.01,0,0.587015903,0.663225508,0.562803962,0.58262645,0.920479256,0.683581346,
1000,0.01,10,0.580705123,0.657949106,0.573689422,0.614704379,0.910675292,0.665577236,
1000,0.01,100,0.601341807,0.642349202,0.631878955,0.751436876,0.906045771,0.622993907,
1000,0.01,1000,0.67949436,0.568479014,0.704925461,0.934893743,0.840686231,0.454947175,
1000,0.01,10000,0.756337047,0.37577425,0.566296908,0.555303385,0.717592636,0.308727222,
1000,0.01,100000,0.657989126,0.490479475,0.686958364,0.70843733,0.809640552,0.413788847,
1000,0.01,1000000,0.681382091,0.684101872,0.775687122,0.841748751,0.71323537,0.272354515,
1000,0.01,10000000,0.829332418,0.792154206,0.791130097,0.773285252,0.308278883,0.07611055,
1000,0.1,0,0.394720066,0.395732961,0.820120239,0.78476124,0.949618776,0.804753211,
1000,0.1,10,0.396164412,0.397797626,0.828738941,0.822716784,0.949618648,0.805022916,
1000,0.1,100,0.417797849,0.39320944,0.849606767,0.892628759,0.945533856,0.75159733,
1000,0.1,1000,0.500552855,0.36109196,0.870516477,0.980567207,0.897875763,0.567974186,
1000,0.1,10000,0.618135219,0.282863041,0.756045341,0.684388865,0.797113316,0.374505991,
1000,0.1,100000,0.568724325,0.364303735,0.77163197,0.739229153,0.856481609,0.473170882,
1000,0.1,1000000,0.564143435,0.532232203,0.798624359,0.85845099,0.820533716,0.384560895,
1000,0.1,10000000,0.705642856,0.642349202,0.804491789,0.783607086,0.520697225,0.151685858,
1000,1,0,0.197700352,0.168846051,0.913992672,0.873586253,0.954248387,0.841719482,
1000,1,10,0.206049971,0.173204897,0.917742784,0.901708186,0.953976042,0.838665209,
1000,1,100,0.213078716,0.175269562,0.923514473,0.912413667,0.950435748,0.808089118,
1000,1,1000,0.212345351,0.159210822,0.935883236,0.921999996,0.937091412,0.705058252,
1000,1,10000,0.320264544,0.165404916,0.922061074,0.93208119,0.888888963,0.522082234,
1000,1,100000,0.442138911,0.223445725,0.862842809,0.800370846,0.882080642,0.505068332,
1000,1,1000000,0.448608624,0.355127323,0.836173333,0.833888382,0.880991326,0.509456689,
1000,1,10000000,0.547692321,0.514567517,0.825527093,0.871669047,0.785403116,0.341831434,
1000,10,0,0.130721191,0.047717353,0.984497138,0.990727957,0.888071979,0.643756157,
1000,10,10,0.141717246,0.049782057,0.991034426,1,0.898965144,0.659702874,
1000,10,100,0.104772777,0.059187887,0.981105883,0.986858929,0.906045771,0.673725339,
1000,10,1000,0.028958893,0.06148199,0.948293932,0.903671618,0.910675472,0.684514151,
1000,10,10000,0.011605631,0.057352591,0.947127609,0.888132958,0.906590474,0.573198499,
1000,10,100000,0.226302935,0.112869927,0.954358681,0.970401744,0.905501042,0.531873074,
1000,10,1000000,0.373738424,0.207157586,0.889715622,0.848288526,0.898692927,0.560216113,
1000,10,10000000,0.420042117,0.356274394,0.835336003,0.843922107,0.892429155,0.511529879,
1000,100,0,0.141719248,0.008717589,0.982535368,0.950811123,0.837690601,0.57632414,
1000,100,10,0.142886353,0.009176408,0.984963659,0.957656616,0.845315919,0.573654523,
1000,100,100,0.120052692,0.029593938,0.985501968,0.983761907,0.856209135,0.591870138,
1000,100,1000,0.09571254,0.027529255,0.982451652,0.972096559,0.861111091,0.593438406,
1000,100,10000,0.023429543,0.034182153,0.956368324,0.904252122,0.854302796,0.570464128,
1000,100,100000,0,0.046570302,0.929459624,0.882123348,0.879901932,0.544161886,
1000,100,1000000,0.214817045,0.096811199,0.962229748,0.977821487,0.899782179,0.536583725,
1000,100,10000000,0.364874812,0.202798798,0.893525536,0.867665068,0.902777848,0.558756477,
10000,0,0,0.856686189,0.99816481,6.26177E-16,0.013688973,0.657407385,0.290901547,
10000,0,10,0.858562551,0.99587063,0.03607169,0.066550663,0.68409585,0.304948933,
10000,0,100,0.865511231,0.977288369,0.226639631,0.314794745,0.654139422,0.271848855,
10000,0,1000,0.922228583,0.613902218,0.3984091,0.661676373,0.493736337,0.155144156,
10000,0,10000,0.990837597,0.254645552,0.027064215,0.001489261,0.279684079,0.075843784,
10000,0,100000,0.896043318,0.354897924,0.274308449,0.269039668,0.523148151,0.175994882,
10000,0,1000000,0.755382608,0.6292728,0.630634973,0.715590426,0.734749431,0.329157774,
10000,0,10000000,0.803065109,0.901812332,0.757767914,0.797064243,0.549564271,0.173430768,
10000,0.0001,0,0.85140398,1,0.01616082,0.028899466,0.677832232,0.307314062,
10000,0.0001,10,0.854123316,0.997706013,0.050073364,0.081827603,0.65958603,0.287459017,
10000,0.0001,100,0.867757701,0.97705897,0.247268204,0.33642163,0.650054502,0.272337846,
10000,0.0001,1000,0.923468861,0.623766883,0.417769721,0.670612967,0.49237474,0.156523519,
10000,0.0001,10000,0.989450992,0.256251439,0.040372101,0,0.289760362,0.080669105,
10000,0.0001,100000,0.897299292,0.353750892,0.268476974,0.25666679,0.540032704,0.179758248,
10000,0.0001,1000000,0.760402443,0.631108106,0.642262079,0.734010185,0.729030491,0.322807147,
10000,0.0001,10000000,0.805077631,0.922918172,0.736349811,0.787346176,0.543572999,0.175134098,
10000,0.001,0,0.843297072,0.994035344,0.111660158,0.115821282,0.676742916,0.308750431,
10000,0.001,10,0.849336001,0.994952919,0.13029704,0.16200529,0.67619829,0.300500664,
10000,0.001,100,0.855389881,0.965129465,0.304010316,0.399795757,0.675653663,0.285866123,
10000,0.001,1000,0.916638789,0.595778851,0.40997047,0.685234387,0.499455329,0.156538713,
10000,0.001,10000,0.987048768,0.260151391,0.059541297,0.004348211,0.298474958,0.082073418,
10000,0.001,100000,0.891956781,0.35696259,0.289201316,0.279923841,0.546023951,0.181816898,
10000,0.001,1000000,0.756628755,0.623537523,0.626011609,0.7049277,0.749183006,0.330074708,
10000,0.001,10000000,0.805877553,0.927735738,0.749783217,0.790898732,0.562091507,0.176556337,
10000,0.01,0,0.789792757,0.897682962,0.337276842,0.349726441,0.754084962,0.382070658,
10000,0.01,10,0.789846531,0.904794592,0.341439635,0.420685765,0.760348644,0.377600214,
10000,0.01,100,0.798022118,0.887818238,0.468650523,0.608704409,0.751361639,0.355364627,
10000,0.01,1000,0.885253951,0.573755474,0.500828396,0.73064626,0.539215669,0.188749776,
10000,0.01,10000,0.971482186,0.250516163,0.166721631,0.057599504,0.318355167,0.085975395,
10000,0.01,100000,0.880912874,0.336315683,0.317288196,0.244808012,0.553376808,0.187175514,
10000,0.01,1000000,0.740354976,0.574214252,0.632201964,0.670748517,0.746732028,0.340978028,
10000,0.01,10000000,0.774943944,0.854324327,0.759149515,0.824736339,0.588235282,0.189262363,
10000,0.1,0,0.657060591,0.682496043,0.604473823,0.649660581,0.871731911,0.554765915,
10000,0.1,10,0.654003162,0.693278284,0.609318476,0.678240962,0.857843142,0.536441372,
10000,0.1,100,0.672891758,0.677449039,0.657489828,0.776527935,0.853485812,0.500584895,
10000,0.1,1000,0.766221637,0.508602938,0.679302654,0.842185907,0.69226582,0.286086664,
10000,0.1,10000,0.877684682,0.245010323,0.503806992,0.308091958,0.475490238,0.14034796,
10000,0.1,100000,0.822457871,0.299380617,0.487777869,0.343064225,0.622276707,0.224891179,
10000,0.1,1000000,0.679726743,0.482908931,0.685570785,0.699407684,0.791394324,0.384589537,
10000,0.1,10000000,0.69512881,0.693966442,0.772810188,0.822687438,0.698257157,0.253686478,
10000,1,0,0.419397966,0.395962379,0.832788029,0.803224698,0.930827859,0.755338502,
10000,1,10,0.423310776,0.381738944,0.839827766,0.839937407,0.932734236,0.749082939,
10000,1,100,0.435227677,0.403762321,0.852459702,0.871017297,0.925381302,0.708861048,
10000,1,1000,0.506564125,0.357880281,0.868913548,0.946025712,0.844498935,0.485967952,
10000,1,10000,0.603101882,0.188116527,0.75394601,0.588868304,0.705337617,0.290124515,
10000,1,100000,0.679207019,0.23193394,0.717868398,0.52908452,0.723311628,0.293613507,
10000,1,1000000,0.569832561,0.345721512,0.757708073,0.705470075,0.843137286,0.441378343,
10000,1,10000000,0.579035559,0.533149836,0.799533516,0.860834698,0.809640552,0.381148306,
10000,10,0,0.201922839,0.161734324,0.914136218,0.877462564,0.951252719,0.832456093,
10000,10,10,0.205107425,0.16219316,0.91541016,0.89881569,0.955610113,0.819904574,
10000,10,100,0.19280255,0.157834353,0.916331263,0.88156148,0.950708029,0.822917567,
10000,10,1000,0.152288751,0.136499192,0.93679836,0.893506327,0.91503261,0.667940977,
10000,10,10000,0.180480023,0.119752236,0.896456213,0.819400842,0.851579524,0.497402503,
10000,10,100000,0.317551823,0.13030509,0.899913294,0.865558631,0.863834415,0.467389797,
10000,10,1000000,0.451312974,0.218169284,0.860958777,0.791579057,0.871459758,0.498965456,
10000,10,10000000,0.450501269,0.357421445,0.830210241,0.835126591,0.88371452,0.511831267,
10000,100,0,0.117196665,0.039687993,0.981147767,0.976257339,0.871459758,0.625857874,
10000,100,10,0.141530402,0.041523279,0.99127368,0.98689106,0.887254943,0.63139512,
10000,100,100,0.126347526,0.058499633,0.980196766,0.984099071,0.896241949,0.65500746,
10000,100,1000,0.059241482,0.050011475,0.989772441,0.976399573,0.882080642,0.600399147,
10000,100,10000,0.008650199,0.042899729,0.970262273,0.930778118,0.858387845,0.554374999,
10000,100,100000,0.011926956,0.065840788,0.93342508,0.882758646,0.891339864,0.556450197,
10000,100,1000000,0.232634073,0.108281721,0.953323965,0.96686988,0.895969475,0.519742145,
10000,100,10000000,0.381279522,0.208992872,0.893687012,0.858287763,0.897331201,0.547843708,
,,,,,,,,,
,,,,,,,,,min
,,,,,,,,,max
